Component,ExplainedVariance,ExplainedVarianceRatio,CumulativeVariance
PC1,670739439.7107389,0.9479230639357779,0.9479230639357779
PC2,36846580.3291932,0.05207345990608127,0.9999965238418591
