{
  "coef": [
    345137979.1490232,
    0.0,
    84584993.25755024,
    1405399018.2792854,
    -1437443682.7251139,
    -31474758.875,
    -31474758.75
  ],
  "mean": [
    0.0,
    28871.698499005946,
    29040.646063618293,
    28692.332037773383,
    28874.598807157083,
    28874.598807157083
  ],
  "std": [
    1.0,
    4122.054006418189,
    4117.862682765623,
    4130.875031829323,
    4122.5271954066975,
    4122.5271954066975
  ]
}