{
  "coef": [
    216493.02894858096,
    -91464.07397487508,
    -91785.40408096854,
    16481.848422504532,
    -13116.496975951217,
    34166.61176751061,
    -48156.83868180383,
    31533.37215621116,
    74468.51751143721
  ],
  "mean": [
    -119.31575520833205,
    35.31779796511635,
    28.522771317829456,
    2668.7598110465115,
    546.0979287790698,
    1458.764898255814,
    507.9443435077519,
    3.932357182655057
  ],
  "std": [
    1.9533785049830739,
    2.0785426226056534,
    12.54671850432512,
    2241.9048908398954,
    429.73360419670894,
    1170.3789558923984,
    389.5694194846494,
    1.9140240701857687
  ]
}